Passenger ID,Number of Flights,First Name,Last Name
2068,32,Yolande,Pete
4827,27,Jaime,Renay
1677,27,Katherina,Vasiliki
3173,26,Sunshine,Scott
8961,26,Ginny,Clara
5096,25,Blythe,Hyon
760,25,Vernia,Mui
288,25,Pamila,Mavis
6084,25,Cole,Sharyl
2857,25,Son,Ginette
8363,25,Branda,Kimiko
917,25,Anisha,Alaine
5867,25,Luise,Raymond
1343,24,Bennett,Staci
2441,24,Kayla,Rufus
5668,24,Gladis,Earlene
1240,24,Catherine,Missy
3367,24,Priscilla,Corie
613,23,Palmer,Yuonne
281,23,Sage,Fernanda
8353,23,Davis,Williams
1337,23,Kirby,Melvin
3093,23,Theda,Rodrick
1598,23,Amelia,Betsey
4056,23,Dagmar,Marilee
366,23,Carman,Meghan
8411,23,Juliann,Cheryll
1673,23,Jeanie,Gladis
3590,23,Isiah,Tyler
2717,23,Shannon,Marlyn
211,23,Lori,Jeremiah
3405,23,Johna,Ollie
2251,23,Gussie,Temple
7643,23,Albina,Joni
5332,23,Bobette,Laurice
9441,23,Annalisa,Luanna
4611,22,Cristi,Eugenia
798,22,Ramiro,Terisa
4034,22,Thalia,Maurice
2437,22,Charlyn,Wynona
739,22,Sadye,Rhea
350,22,Annemarie,Nilsa
392,22,Cory,Ebonie
3078,22,Laquita,Kate
258,22,Emmaline,Marcelle
1413,22,Carlee,Timmy
5423,22,Sirena,Nigel
3180,22,Yvette,Peter
1769,22,Lisha,Delmer
9252,22,Angella,Margret
5490,22,Toni,Winnifred
167,22,Mona,Kassandra
6447,22,Brigitte,Jodie
2939,22,Jaleesa,Clement
391,22,Carolynn,Enola
7162,22,Alfonso,Dinah
5416,21,Chin,Claretta
9540,21,Rhoda,Gavin
6777,21,Tamara,Terresa
398,21,Mario,Trinh
4552,21,Mayme,Luvenia
1651,21,Alex,Annabelle
763,21,Will,Chanelle
5560,21,Lang,Johnie
437,21,Kelli,Roger
3332,21,Kiara,Donnie
2516,21,Tamar,Claretta
5007,21,Laticia,Katherine
4502,21,Thea,Yolando
6060,21,Delisa,Elisha
435,21,Tiffani,Frances
1464,21,Margherita,Arica
2926,21,Vicky,Patrica
3112,21,Madie,Winona
905,21,Terrie,Gisela
848,21,Marya,Eliana
2185,21,Rae,Chas
2254,21,Angelina,Gracia
1581,21,Marx,Artie
1982,21,Izetta,Marjorie
364,21,Donya,Stephan
4249,21,Chi,Valeri
4399,21,Kevin,Nicole
4632,21,Jacklyn,Christia
7590,20,Christiane,Shanna
888,20,Bryant,Marcell
7832,20,Wendi,Muoi
2467,20,Abe,Rosalia
942,20,Elmira,Minnie
628,20,Rosalina,Lavinia
1818,20,Marlon,Towanda
7327,20,Cyndi,Lillian
5775,20,Mozella,Essie
5012,20,Helen,Molly
4483,20,Vilma,Yuk
3924,20,Luba,Eleonore
2964,20,Gus,Marvin
721,20,Yun,Cecily
649,20,Doreen,Raymond
368,20,Bart,Naomi
